{
    "RSSI_mean": 2.366974771067549,
    "tel_mean": 9.321839833688752,
    "RSSI_var": 0.020430224263188485,
    "tel_var": 0.304612016397152
}