{
    "anomalies": [
        {
            "lat1": 47.39562302092118,
            "lon1": 8.057479921589058,
            "lat2": 47.39562302092118,
            "lon2": 8.057479921589058,
            "peak": true,
            "type": "ANTENNA_DEGRADATION",
            "severeness": 0.6,
            "distanceOnTrack": 49876,
            "detectedOn": "2021-09-25T13:48:32.289183"
        }

    ]
}